<?xml version='1.0' encoding='utf-8'?>
<benchmark>
  <entries>
    <entry category="Monument" eid="Id1" shape="(X (X) (X))" shape_type="sibling" size="2">
      <originaltripleset>
        <otriple>11th_Mississippi_Infantry_Monument | category | Contributing_property</otriple>
        <otriple>11th_Mississippi_Infantry_Monument | municipality | Gettysburg,_Pennsylvania</otriple>
      </originaltripleset>
      <modifiedtripleset>
        <mtriple>11th_Mississippi_Infantry_Monument | category | Contributing_property</mtriple>
        <mtriple>11th_Mississippi_Infantry_Monument | municipality | Gettysburg,_Pennsylvania</mtriple>
      </modifiedtripleset>
      <lex comment="good" lid="Id1">The 11th Mississippi Infantry Monument is in the municipality of Gettysburg, Pennsylvania and is categorised as a contributing property.</lex>
      <lex comment="good" lid="Id2">The 11th Mississippi Infantry Monument is categorised as a contributing property and can be found in Gettysburg, Pennsylvania.</lex>
      <lex comment="good" lid="Id3">The 11th Mississippi Infantry Monument falls under the category of Contributing property and is placed in the municipality of Gettysburg in Pennsylvania.</lex>
    </entry>
    <entry category="Monument" eid="Id2" shape="(X (X) (X))" shape_type="sibling" size="2">
      <originaltripleset>
        <otriple>11th_Mississippi_Infantry_Monument | country | "United States"@en</otriple>
        <otriple>11th_Mississippi_Infantry_Monument | category | Contributing_property</otriple>
      </originaltripleset>
      <modifiedtripleset>
        <mtriple>11th_Mississippi_Infantry_Monument | country | "United States"</mtriple>
        <mtriple>11th_Mississippi_Infantry_Monument | category | Contributing_property</mtriple>
      </modifiedtripleset>
      <lex comment="good" lid="Id1">The 11th Mississippi Infantry Monument is in the United States and falls under the category of Contributing property.</lex>
      <lex comment="good" lid="Id2">The 11th Mississippi Infantry Monument falls under the category of Contributing property and is in the United States.</lex>
      <lex comment="good" lid="Id3">The 11th Mississippi Infantry Monument, located in the United States, falls under the category of Contributing property.</lex>
    </entry>
    <entry category="Monument" eid="Id3" shape="(X (X) (X))" shape_type="sibling" size="2">
      <originaltripleset>
        <otriple>11th_Mississippi_Infantry_Monument | established | 2000</otriple>
        <otriple>11th_Mississippi_Infantry_Monument | municipality | Gettysburg,_Pennsylvania</otriple>
      </originaltripleset>
      <modifiedtripleset>
        <mtriple>11th_Mississippi_Infantry_Monument | established | 2000</mtriple>
        <mtriple>11th_Mississippi_Infantry_Monument | municipality | Gettysburg,_Pennsylvania</mtriple>
      </modifiedtripleset>
      <lex comment="good" lid="Id1">The 11th Mississippi Infantry Monument, established in 2000, is in the municipality of Gettysburg, Pennsylvania.</lex>
      <lex comment="good" lid="Id2">The 11th Mississippi Infantry Monument is placed in the municipality of Gettysburg in Pennsylvania and erected in 2000.</lex>
      <lex comment="good" lid="Id3">The 11th Mississippi Infantry Monument is in the municipality of Gettysburg Pennsylvania and was erected in 2000.</lex>
    </entry>
    <entry category="Monument" eid="Id4" shape="(X (X) (X))" shape_type="sibling" size="2">
      <originaltripleset>
        <otriple>11th_Mississippi_Infantry_Monument | region | Adams_County,_Pennsylvania</otriple>
        <otriple>11th_Mississippi_Infantry_Monument | category | Contributing_property</otriple>
      </originaltripleset>
      <modifiedtripleset>
        <mtriple>11th_Mississippi_Infantry_Monument | location | Adams_County,_Pennsylvania</mtriple>
        <mtriple>11th_Mississippi_Infantry_Monument | category | Contributing_property</mtriple>
      </modifiedtripleset>
      <lex comment="good" lid="Id1">The 11th Mississippi Infantry Monument, situated in Adams County, Pennsylvania, is categorised as a contributing property.</lex>
      <lex comment="good" lid="Id2">The 11th Mississippi Infantry Monument is located in Adams County, Pennsylvania falls under the category of Contributing property.</lex>
      <lex comment="good" lid="Id3">The 11th Mississippi Infantry Monument is located in Adams County, Pennsylvania and is categorised as a contributing property.</lex>
    </entry>
    <entry category="Monument" eid="Id5" shape="(X (X) (X))" shape_type="sibling" size="2">
      <originaltripleset>
        <otriple>11th_Mississippi_Infantry_Monument | region | Adams_County,_Pennsylvania</otriple>
        <otriple>11th_Mississippi_Infantry_Monument | established | 2000</otriple>
      </originaltripleset>
      <modifiedtripleset>
        <mtriple>11th_Mississippi_Infantry_Monument | location | Adams_County,_Pennsylvania</mtriple>
        <mtriple>11th_Mississippi_Infantry_Monument | established | 2000</mtriple>
      </modifiedtripleset>
      <lex comment="good" lid="Id1">The 11th Mississippi Infantry Monument was established in 2000 and is located in Adams County, Pennsylvania.</lex>
      <lex comment="good" lid="Id2">11th Mississippi Infantry Monument's location is Adams County, Pennsylvania and was established in 2000.</lex>
      <lex comment="good" lid="Id3">The 11th Mississippi Infantry Monument is in Adams County, PA and was founded in 2000.</lex>
      <lex comment="good" lid="Id4">11th Mississippi Infantry Monument was established in 2000 in Adams County, Pennsylvania.</lex>
      <lex comment="good" lid="Id5">The 11th Mississippi Infantry Monument in Adams County, Pennsylvania was established in 2000.</lex>
      <lex comment="good" lid="Id6">The 11th Mississippi Infantry Monument established in 2000 is found in Adams County, Pennsylvania.</lex>
    </entry>
    <entry category="Monument" eid="Id6" shape="(X (X) (X))" shape_type="sibling" size="2">
      <originaltripleset>
        <otriple>11th_Mississippi_Infantry_Monument | region | Adams_County,_Pennsylvania</otriple>
        <otriple>11th_Mississippi_Infantry_Monument | municipality | Gettysburg,_Pennsylvania</otriple>
      </originaltripleset>
      <modifiedtripleset>
        <mtriple>11th_Mississippi_Infantry_Monument | location | Adams_County,_Pennsylvania</mtriple>
        <mtriple>11th_Mississippi_Infantry_Monument | municipality | Gettysburg,_Pennsylvania</mtriple>
      </modifiedtripleset>
      <lex comment="good" lid="Id1">The 11th Mississippi Infantry Monument is in the municipality of Gettysburg, PA in Adams County.</lex>
      <lex comment="good" lid="Id2">The 11th Mississippi Infantry Monument is in the municipality of Gettysburg, Adams County, in Pennsylvania.</lex>
      <lex comment="good" lid="Id3">The municipality for the 11th Mississippi Infantry Monument is Gettysburg, Adams County, Pennsylvania.</lex>
      <lex comment="good" lid="Id4">The 11th Mississippi Infantry Monument is found in Adams County, Gettysburg, Pennsylvania.</lex>
      <lex comment="good" lid="Id5">The 11th Mississippi Infantry Monument is located in Adams County, in Gettysburg, Pennsylvania.</lex>
    </entry>
    <entry category="Monument" eid="Id7" shape="(X (X) (X))" shape_type="sibling" size="2">
      <originaltripleset>
        <otriple>11th_Mississippi_Infantry_Monument | state | "Pennsylvania"@en</otriple>
        <otriple>11th_Mississippi_Infantry_Monument | category | Contributing_property</otriple>
      </originaltripleset>
      <modifiedtripleset>
        <mtriple>11th_Mississippi_Infantry_Monument | state | "Pennsylvania"</mtriple>
        <mtriple>11th_Mississippi_Infantry_Monument | category | Contributing_property</mtriple>
      </modifiedtripleset>
      <lex comment="good" lid="Id1">The 11th Mississippi Infantry Monument falls under the category of Contributing property and is in Pennsylvania.</lex>
      <lex comment="good" lid="Id2">The 11th Mississippi Infantry Monument, which falls under the category of Contributing property, is in Pennsylvania.</lex>
      <lex comment="good" lid="Id3">The 11th Mississippi Infantry Monument, in Pennsylvania, falls under the category of Contributing property.</lex>
    </entry>
    <entry category="Monument" eid="Id8" shape="(X (X) (X))" shape_type="sibling" size="2">
      <originaltripleset>
        <otriple>11th_Mississippi_Infantry_Monument | state | "Pennsylvania"@en</otriple>
        <otriple>11th_Mississippi_Infantry_Monument | established | 2000</otriple>
      </originaltripleset>
      <modifiedtripleset>
        <mtriple>11th_Mississippi_Infantry_Monument | state | "Pennsylvania"</mtriple>
        <mtriple>11th_Mississippi_Infantry_Monument | established | 2000</mtriple>
      </modifiedtripleset>
      <lex comment="good" lid="Id1">The 11th Mississippi Infantry Monument is found in Pennsylvania and was established in 2000.</lex>
      <lex comment="good" lid="Id2">11th Mississippi Infantry Monument, established in 2000 is in Pennsylvania.</lex>
      <lex comment="good" lid="Id3">The 11th Mississippi Infantry Monument stands in the state of Pennsylvania and was established in 2000.</lex>
      <lex comment="good" lid="Id4">11th Mississippi Infantry Monument was established in 2000 in Pennsylvania.</lex>
      <lex comment="good" lid="Id5">The 11th Mississippi Infantry Monument was established in Pennsylvania in the year 2000.</lex>
    </entry>
    <entry category="Monument" eid="Id9" shape="(X (X) (X))" shape_type="sibling" size="2">
      <originaltripleset>
        <otriple>11th_Mississippi_Infantry_Monument | state | "Pennsylvania"@en</otriple>
        <otriple>11th_Mississippi_Infantry_Monument | municipality | Gettysburg,_Pennsylvania</otriple>
      </originaltripleset>
      <modifiedtripleset>
        <mtriple>11th_Mississippi_Infantry_Monument | state | "Pennsylvania"</mtriple>
        <mtriple>11th_Mississippi_Infantry_Monument | municipality | Gettysburg,_Pennsylvania</mtriple>
      </modifiedtripleset>
      <lex comment="good" lid="Id1">The 11th Mississippi Infantry Monument is found in Gettysburg, Pennsylvania.</lex>
      <lex comment="good" lid="Id2">The 11th Mississippi Infantry Monument is in Pennsylvania, in the municipality of Gettysburg.</lex>
      <lex comment="good" lid="Id3">11th Mississippi Infantry Monument can be found in Gettysburg, Pennsylvania.</lex>
      <lex comment="good" lid="Id4">The 11th Mississippi Infantry Monument is located in Gettysburg, Pennsylvania.</lex>
    </entry>
    <entry category="Monument" eid="Id10" shape="(X (X) (X))" shape_type="sibling" size="2">
      <originaltripleset>
        <otriple>14th_New_Jersey_Volunteer_Infantry_Monument | category | Historic_districts_in_the_United_States</otriple>
        <otriple>14th_New_Jersey_Volunteer_Infantry_Monument | district | Monocacy_National_Battlefield</otriple>
      </originaltripleset>
      <modifiedtripleset>
        <mtriple>14th_New_Jersey_Volunteer_Infantry_Monument | category | Historic_districts_in_the_United_States</mtriple>
        <mtriple>14th_New_Jersey_Volunteer_Infantry_Monument | district | Monocacy_National_Battlefield</mtriple>
      </modifiedtripleset>
      <lex comment="good" lid="Id1">The 14th New Jersey Volunteer Infantry Monument, found in the Monocacy National Battlefield, is categorised as a historic district in the United States.</lex>
      <lex comment="good" lid="Id2">The 14th New Jersey Volunteer Infantry Monument belongs to the category of Historic districts in the United States and is found in the Monocacy National Battlefield.</lex>
      <lex comment="good" lid="Id3">The 14th New Jersey Volunteer Infantry Monument is categorised as a historic district in the United States and is located in the Monocacy National Battlefield.</lex>
    </entry>
    <entry category="Monument" eid="Id11" shape="(X (X) (X))" shape_type="sibling" size="2">
      <originaltripleset>
        <otriple>14th_New_Jersey_Volunteer_Infantry_Monument | category | Historic_districts_in_the_United_States</otriple>
        <otriple>14th_New_Jersey_Volunteer_Infantry_Monument | established | "1907-07-11"^^xsd:date</otriple>
      </originaltripleset>
      <modifiedtripleset>
        <mtriple>14th_New_Jersey_Volunteer_Infantry_Monument | category | Historic_districts_in_the_United_States</mtriple>
        <mtriple>14th_New_Jersey_Volunteer_Infantry_Monument | established | "1907-07-11"</mtriple>
      </modifiedtripleset>
      <lex comment="good" lid="Id1">The 14th New Jersey Volunteer Infantry Monument, which was established on July 11th 1907, belongs to the category of Historic districts in the United States.</lex>
      <lex comment="good" lid="Id2">The 14th New Jersey Volunteer Infantry Monument was founded on July 11, 1907 and belongs to the Historic districts of the U.S.</lex>
      <lex comment="good" lid="Id3">The 14th New Jersey Volunteer Infantry Monument is categorised as a historic district in the United States and was established in 1907-07-11.</lex>
    </entry>
    <entry category="Monument" eid="Id12" shape="(X (X) (X))" shape_type="sibling" size="2">
      <originaltripleset>
        <otriple>14th_New_Jersey_Volunteer_Infantry_Monument | country | "United States"@en</otriple>
        <otriple>14th_New_Jersey_Volunteer_Infantry_Monument | category | Historic_districts_in_the_United_States</otriple>
      </originaltripleset>
      <modifiedtripleset>
        <mtriple>14th_New_Jersey_Volunteer_Infantry_Monument | country | "United States"</mtriple>
        <mtriple>14th_New_Jersey_Volunteer_Infantry_Monument | category | Historic_districts_in_the_United_States</mtriple>
      </modifiedtripleset>
      <lex comment="good" lid="Id1">The 14th New Jersey Volunteer Infantry Monument belongs to the category of Historic districts and is found in the United States.</lex>
      <lex comment="good" lid="Id2">The 14th New Jersey Volunteer Infantry Monument is located in the United States of America and is labelled as a historic district.</lex>
      <lex comment="good" lid="Id3">The 14th New Jersey Volunteer Infantry Monument belongs to the category of Historic districts and is located in United States.</lex>
    </entry>
    <entry category="Monument" eid="Id13" shape="(X (X) (X))" shape_type="sibling" size="2">
      <originaltripleset>
        <otriple>14th_New_Jersey_Volunteer_Infantry_Monument | country | "United States"@en</otriple>
        <otriple>14th_New_Jersey_Volunteer_Infantry_Monument | district | Monocacy_National_Battlefield</otriple>
      </originaltripleset>
      <modifiedtripleset>
        <mtriple>14th_New_Jersey_Volunteer_Infantry_Monument | country | "United States"</mtriple>
        <mtriple>14th_New_Jersey_Volunteer_Infantry_Monument | district | Monocacy_National_Battlefield</mtriple>
      </modifiedtripleset>
      <lex comment="good" lid="Id1">The 14th New Jersey Volunteer Infantry Monument is located in the United States at the Monocacy National Battlefield.</lex>
      <lex comment="good" lid="Id2">The 14th New Jersey Volunteer Infantry Monument is located in the district of the Monocacy National Battlefield in the United States.</lex>
      <lex comment="good" lid="Id3">The 14th New Jersey Volunteer Infantry Monument is located in the Monocacy National Battlefield in the United States.</lex>
    </entry>
    <entry category="Monument" eid="Id14" shape="(X (X) (X))" shape_type="sibling" size="2">
      <originaltripleset>
        <otriple>14th_New_Jersey_Volunteer_Infantry_Monument | country | "United States"@en</otriple>
        <otriple>14th_New_Jersey_Volunteer_Infantry_Monument | established | "1907-07-11"^^xsd:date</otriple>
      </originaltripleset>
      <modifiedtripleset>
        <mtriple>14th_New_Jersey_Volunteer_Infantry_Monument | country | "United States"</mtriple>
        <mtriple>14th_New_Jersey_Volunteer_Infantry_Monument | established | "1907-07-11"</mtriple>
      </modifiedtripleset>
      <lex comment="good" lid="Id1">The 14th New Jersey Volunteer Infantry Monument was made on July 11, 1907 and is located in the U.S.</lex>
      <lex comment="good" lid="Id2">The 14th New Jersey Volunteer Infantry Monument was established on July 11th, 1907 and is in the United States.</lex>
    </entry>
    <entry category="Monument" eid="Id15" shape="(X (X) (X))" shape_type="sibling" size="2">
      <originaltripleset>
        <otriple>14th_New_Jersey_Volunteer_Infantry_Monument | district | Monocacy_National_Battlefield</otriple>
        <otriple>14th_New_Jersey_Volunteer_Infantry_Monument | established | "1907-07-11"^^xsd:date</otriple>
      </originaltripleset>
      <modifiedtripleset>
        <mtriple>14th_New_Jersey_Volunteer_Infantry_Monument | district | Monocacy_National_Battlefield</mtriple>
        <mtriple>14th_New_Jersey_Volunteer_Infantry_Monument | established | "1907-07-11"</mtriple>
      </modifiedtripleset>
      <lex comment="good" lid="Id1">The 14th New Jersey Volunteer Infantry Monument is in the Monocacy National Battlefield and was founded July 11, 1907.</lex>
      <lex comment="good" lid="Id2">The 14th New Jersey Volunteer Infantry Monument is located on the Monocacy National Battlefield and was established on 11th July 1907.</lex>
      <lex comment="good" lid="Id3">The 14th New Jersey Volunteer Infantry Monument is in the Monocacy National Battlefield and was established July 11, 1907.</lex>
    </entry>
    <entry category="Monument" eid="Id16" shape="(X (X) (X))" shape_type="sibling" size="2">
      <originaltripleset>
        <otriple>14th_New_Jersey_Volunteer_Infantry_Monument | owner | National_Park_Service</otriple>
        <otriple>14th_New_Jersey_Volunteer_Infantry_Monument | state | "Maryland"@en</otriple>
      </originaltripleset>
      <modifiedtripleset>
        <mtriple>14th_New_Jersey_Volunteer_Infantry_Monument | owner | National_Park_Service</mtriple>
        <mtriple>14th_New_Jersey_Volunteer_Infantry_Monument | state | "Maryland"</mtriple>
      </modifiedtripleset>
      <lex comment="good" lid="Id1">The 14th New Jersey Volunteer Infantry Monuments are in Maryland and are owned by the National Park Service.</lex>
      <lex comment="good" lid="Id2">The National Park Service is the owner of the 14th New Jersey Volunteer Infantry Monument and located in the state of Maryland.</lex>
      <lex comment="good" lid="Id3">The 14th New Jersey Volunteer Infantry Monument is owned by the National Park Service and is in the state of Maryland.</lex>
    </entry>
    <entry category="Monument" eid="Id17" shape="(X (X (X)))" shape_type="chain" size="2">
      <originaltripleset>
        <otriple>Adams_County,_Pennsylvania | southeast | Carroll_County,_Maryland</otriple>
        <otriple>11th_Mississippi_Infantry_Monument | region | Adams_County,_Pennsylvania</otriple>
      </originaltripleset>
      <modifiedtripleset>
        <mtriple>Adams_County,_Pennsylvania | hasToItsSoutheast | Carroll_County,_Maryland</mtriple>
        <mtriple>11th_Mississippi_Infantry_Monument | location | Adams_County,_Pennsylvania</mtriple>
      </modifiedtripleset>
      <lex comment="good" lid="Id1">Carroll County Maryland is southeast of Adams County Pennsylvania, where the 11th Mississippi Infantry Monument is located.</lex>
      <lex comment="good" lid="Id2">To the southeast of Adams County, Pennsylvania where 11th Mississippi Infantry Monument is found lies Carroll County, Maryland.</lex>
      <lex comment="good" lid="Id3">To the southeast of Adams County, Pennsylvania, where 11th Mississippi Infantry Monument is located, lies Carroll County, Maryland.</lex>
      <lex comment="good" lid="Id4">11th Mississippi Infantry Monument is located in Adams County, Pennsylvania which has Carroll County, Maryland to its southeast.</lex>
      <lex comment="good" lid="Id5">The 11th Mississippi Infantry Monument is located in Adams County, Pennsylvania, which is northwest of Carroll County, Maryland.</lex>
    </entry>
    <entry category="Monument" eid="Id18" shape="(X (X) (X))" shape_type="sibling" size="2">
      <originaltripleset>
        <otriple>Atatürk_Monument_(İzmir) | open | "1932-07-27"^^xsd:date</otriple>
        <otriple>Atatürk_Monument_(İzmir) | material | "Bronze"@en</otriple>
      </originaltripleset>
      <modifiedtripleset>
        <mtriple>Atatürk_Monument_(İzmir) | inaugurationDate | "1932-07-27"</mtriple>
        <mtriple>Atatürk_Monument_(İzmir) | material | "Bronze"</mtriple>
      </modifiedtripleset>
      <lex comment="good" lid="Id1">The inauguration date for the Atatürk Monument (İzmir), made of bronze, is 1932-07-27.</lex>
      <lex comment="good" lid="Id2">The inauguration date of the Atatürk Monument, made of bronze, in Izmir is the 27th of July, 1932.</lex>
      <lex comment="good" lid="Id3">Ataturk Monument (Izmir) was bronze and was inaugurated on 1932-07-27.</lex>
      <lex comment="good" lid="Id4">The Atatürk Monument (made of bronze) in Izmir was inaugurated on 1932-07-27.</lex>
      <lex comment="good" lid="Id5">The inauguration date of the bronze Ataturk Monument was July 27th, 1932.</lex>
    </entry>
    <entry category="Monument" eid="Id19" shape="(X (X) (X))" shape_type="sibling" size="2">
      <originaltripleset>
        <otriple>Atatürk_Monument_(İzmir) | material | "Bronze"@en</otriple>
        <otriple>Atatürk_Monument_(İzmir) | designer | Pietro_Canonica</otriple>
      </originaltripleset>
      <modifiedtripleset>
        <mtriple>Atatürk_Monument_(İzmir) | material | "Bronze"</mtriple>
        <mtriple>Atatürk_Monument_(İzmir) | designer | Pietro_Canonica</mtriple>
      </modifiedtripleset>
      <lex comment="good" lid="Id1">Pietro Canonica is the designer of the Ataturk Monument in Izmir, which is made of bronze.</lex>
      <lex comment="good" lid="Id2">The Atatürk Monument in Izmir, made of bronze, was designed by Pietro Canonica.</lex>
      <lex comment="good" lid="Id3">The Ataturk Monument designed by Pietro Canonica is made of Bronze.</lex>
    </entry>
    <entry category="Monument" eid="Id20" shape="(X (X (X)))" shape_type="chain" size="2">
      <originaltripleset>
        <otriple>Azerbaijan | capital | Baku</otriple>
        <otriple>Baku_Turkish_Martyrs'_Memorial | location | Azerbaijan</otriple>
      </originaltripleset>
      <modifiedtripleset>
        <mtriple>Azerbaijan | capital | Baku</mtriple>
        <mtriple>Baku_Turkish_Martyrs'_Memorial | location | Azerbaijan</mtriple>
      </modifiedtripleset>
      <lex comment="good" lid="Id1">Turkish Martyrs' Memorial is located in Baku, the capital of Azerbaijan.</lex>
      <lex comment="good" lid="Id2">Baku Turkish Martyrs' Memorial is in Azerbaijan. The capital is Baku.</lex>
      <lex comment="good" lid="Id3">The Turkish martyrs memorial is located in Baku, the capital of Azerbaijan.</lex>
    </entry>
    <entry category="Monument" eid="Id21" shape="(X (X (X)))" shape_type="chain" size="2">
      <originaltripleset>
        <otriple>Azerbaijan | leaderTitle | Prime_Minister_of_Azerbaijan</otriple>
        <otriple>Baku_Turkish_Martyrs'_Memorial | location | Azerbaijan</otriple>
      </originaltripleset>
      <modifiedtripleset>
        <mtriple>Azerbaijan | leaderTitle | Prime_Minister_of_Azerbaijan</mtriple>
        <mtriple>Baku_Turkish_Martyrs'_Memorial | location | Azerbaijan</mtriple>
      </modifiedtripleset>
      <lex comment="good" lid="Id1">The leader of Azerbaijan is called the Prime Minister. The Baku Turkish Martyrs' Memorial is in Azerbaijan.</lex>
      <lex comment="good" lid="Id2">Baku Turkish Martyrs' Memorial is located in Azerbaijan and the leader is The Prime Minister of Azerbaijan.</lex>
      <lex comment="good" lid="Id3">Azerbaijan's leader is the Prime Minister. The Baku Turkish Martyrs' Memorial is in Azerbaijan.</lex>
    </entry>
    <entry category="Monument" eid="Id22" shape="(X (X) (X))" shape_type="sibling" size="2">
      <originaltripleset>
        <otriple>Baku_Turkish_Martyrs'_Memorial | designer | "Hüseyin Bütüner and Hilmi Güner"@en</otriple>
        <otriple>Baku_Turkish_Martyrs'_Memorial | material | "Red granite and white marble"@en</otriple>
      </originaltripleset>
      <modifiedtripleset>
        <mtriple>Baku_Turkish_Martyrs'_Memorial | designer | "Hüseyin Bütüner and Hilmi Güner"</mtriple>
        <mtriple>Baku_Turkish_Martyrs'_Memorial | material | "Red granite and white marble"</mtriple>
      </modifiedtripleset>
      <lex comment="good" lid="Id1">Huseyin Butuner and Hilmi Guner created the Baku Turkish Martyrs' Memorial. It is made of red granite and white marble.</lex>
      <lex comment="good" lid="Id2">The designers of the Red granite and white marble Baku Turkish Martyrs' Memorial are Hüseyin Bütüner and Hilmi Güner.</lex>
      <lex comment="good" lid="Id3">The Baku Turkish Martyrs' Memorial is designed by Huseyin Butuner and Hilmi Guner and is made with red granite and white marble.</lex>
      <lex comment="good" lid="Id4">The Baku Turkish Martyrs' Memorial, designed by Hüseyin Bütüner and Hilmi Güner, is made out of red granite and white marble.</lex>
      <lex comment="good" lid="Id5">Huseyin Butuner and Hilmi Guner designed the Baku Turkish Martyrs' Monument which is made of red granite and white marble.</lex>
    </entry>
    <entry category="Monument" eid="Id23" shape="(X (X (X)))" shape_type="chain" size="2">
      <originaltripleset>
        <otriple>Baku_Turkish_Martyrs'_Memorial | location | Azerbaijan</otriple>
        <otriple>Azerbaijan | legislature | National_Assembly_(Azerbaijan)</otriple>
      </originaltripleset>
      <modifiedtripleset>
        <mtriple>Baku_Turkish_Martyrs'_Memorial | location | Azerbaijan</mtriple>
        <mtriple>Azerbaijan | legislature | National_Assembly_(Azerbaijan)</mtriple>
      </modifiedtripleset>
      <lex comment="good" lid="Id1">The National Assembly dictates the legislature of Azerbaijan, where the Baku Turkish Martyrs' Memorial is found.</lex>
      <lex comment="good" lid="Id2">The National Assembly (Azerbaijan) is the source of legislature in Azerbaijan, where the Baku Turkish Martyrs' Memorial is located.</lex>
    </entry>
    <entry category="Monument" eid="Id24" shape="(X (X) (X))" shape_type="sibling" size="2">
      <originaltripleset>
        <otriple>Baku_Turkish_Martyrs'_Memorial | location | Azerbaijan</otriple>
        <otriple>Baku_Turkish_Martyrs'_Memorial | material | "Red granite and white marble"@en</otriple>
      </originaltripleset>
      <modifiedtripleset>
        <mtriple>Baku_Turkish_Martyrs'_Memorial | location | Azerbaijan</mtriple>
        <mtriple>Baku_Turkish_Martyrs'_Memorial | material | "Red granite and white marble"</mtriple>
      </modifiedtripleset>
      <lex comment="good" lid="Id1">The Baku Turkish Martyrs' Memorial made of red granite and white marble can be found in Azerbaijan.</lex>
      <lex comment="good" lid="Id2">Baku Turkish Martyrs' Memorial is located in Azerbaijan and made of red granite and white marble.</lex>
    </entry>
    <entry category="Monument" eid="Id25" shape="(X (X) (X))" shape_type="sibling" size="2">
      <originaltripleset>
        <otriple>Baku_Turkish_Martyrs'_Memorial | nativeName | "Türk Şehitleri Anıtı"@en</otriple>
        <otriple>Baku_Turkish_Martyrs'_Memorial | designer | "Hüseyin Bütüner and Hilmi Güner"@en</otriple>
      </originaltripleset>
      <modifiedtripleset>
        <mtriple>Baku_Turkish_Martyrs'_Memorial | nativeName | "Türk Şehitleri Anıtı"</mtriple>
        <mtriple>Baku_Turkish_Martyrs'_Memorial | designer | "Hüseyin Bütüner and Hilmi Güner"</mtriple>
      </modifiedtripleset>
      <lex comment="good" lid="Id1">The native name for the Baku Turkish Martyrs' Memorial, designed by Hüseyin Bütüner and Hilmi Güner is Türk Şehitleri Anıtı.</lex>
      <lex comment="good" lid="Id2">The Baku Turkish Martyrs'Memorial which is know locally as Turk Sehitleri Aniti was designed by Huseyin Butuner and Hilmi Guner.</lex>
      <lex comment="good" lid="Id3">The Baku Turkish Martyrs' Memorial is known in Turkish as Turk Sehitleri Aniti and the designers are Hüseyin Bütüner and Hilmi Güner.</lex>
    </entry>
    <entry category="Monument" eid="Id26" shape="(X (X) (X))" shape_type="sibling" size="2">
      <originaltripleset>
        <otriple>Dead_Man's_Plack | location | England</otriple>
        <otriple>Dead_Man's_Plack | material | Rock_(geology)</otriple>
      </originaltripleset>
      <modifiedtripleset>
        <mtriple>Dead_Man's_Plack | location | England</mtriple>
        <mtriple>Dead_Man's_Plack | material | Rock_(geology)</mtriple>
      </modifiedtripleset>
      <lex comment="good" lid="Id1">The Dead Man's Plack is made from rock and is in ENgland.</lex>
    </entry>
    <entry category="Monument" eid="Id27" shape="(X (X (X)))" shape_type="chain" size="2">
      <originaltripleset>
        <otriple>Dead_Man's_Plack | location | England</otriple>
        <otriple>England | capital | London</otriple>
      </originaltripleset>
      <modifiedtripleset>
        <mtriple>Dead_Man's_Plack | location | England</mtriple>
        <mtriple>England | capital | London</mtriple>
      </modifiedtripleset>
      <lex comment="good" lid="Id1">The Dead Man's Plack is located in England, the capital of which is London.</lex>
      <lex comment="good" lid="Id2">The Dead Man's Plack is in London, England.</lex>
    </entry>
    <entry category="Monument" eid="Id28" shape="(X (X (X)))" shape_type="chain" size="2">
      <originaltripleset>
        <otriple>Dead_Man's_Plack | location | England</otriple>
        <otriple>England | ethnicGroups | British_Arabs</otriple>
      </originaltripleset>
      <modifiedtripleset>
        <mtriple>Dead_Man's_Plack | location | England</mtriple>
        <mtriple>England | ethnicGroup | British_Arabs</mtriple>
      </modifiedtripleset>
      <lex comment="good" lid="Id1">Dead Man's Plack is in England and one of the ethnic groups found in England is the British Arabs.</lex>
      <lex comment="good" lid="Id2">The Dead Man's Plack is in England honoring the British Arab ethnic group.</lex>
      <lex comment="good" lid="Id3">The Dead Man's Plack is located in England, where one of the ethnic groups is the British Arabs.</lex>
    </entry>
    <entry category="Monument" eid="Id29" shape="(X (X (X)))" shape_type="chain" size="2">
      <originaltripleset>
        <otriple>Monocacy_National_Battlefield | location | Frederick_County,_Maryland</otriple>
        <otriple>14th_New_Jersey_Volunteer_Infantry_Monument | district | Monocacy_National_Battlefield</otriple>
      </originaltripleset>
      <modifiedtripleset>
        <mtriple>Monocacy_National_Battlefield | location | Frederick_County,_Maryland</mtriple>
        <mtriple>14th_New_Jersey_Volunteer_Infantry_Monument | district | Monocacy_National_Battlefield</mtriple>
      </modifiedtripleset>
      <lex comment="good" lid="Id1">The 14th New Jersey Volunteer Infantry Monument is found in the Monocacy National Battlefield which is located in Frederick County, Maryland.</lex>
      <lex comment="good" lid="Id2">The 14th New Jersey Volunteer Infantry Monument is located in the district of the Monocacy National Battlefield which is located Frederick County, Maryland.</lex>
      <lex comment="good" lid="Id3">The 14th New Jersey Volunteer Infantry Monument is in the Monocacy National Battlefield in Frederick County, Maryland.</lex>
    </entry>
    <entry category="Monument" eid="Id30" shape="(X (X (X)))" shape_type="chain" size="2">
      <originaltripleset>
        <otriple>Turkey | capital | Ankara</otriple>
        <otriple>Atatürk_Monument_(İzmir) | location | Turkey</otriple>
      </originaltripleset>
      <modifiedtripleset>
        <mtriple>Turkey | capital | Ankara</mtriple>
        <mtriple>Atatürk_Monument_(İzmir) | location | Turkey</mtriple>
      </modifiedtripleset>
      <lex comment="good" lid="Id1">The Atatürk Monument is located in Izmir, Turkey, where the capital is Ankara.</lex>
      <lex comment="good" lid="Id2">The Atatürk Monument is located in İzmir, Turkey which capital is Ankara.</lex>
    </entry>
    <entry category="Monument" eid="Id31" shape="(X (X (X)))" shape_type="chain" size="2">
      <originaltripleset>
        <otriple>Turkey | currency | Turkish_lira</otriple>
        <otriple>Atatürk_Monument_(İzmir) | location | Turkey</otriple>
      </originaltripleset>
      <modifiedtripleset>
        <mtriple>Turkey | currency | Turkish_lira</mtriple>
        <mtriple>Atatürk_Monument_(İzmir) | location | Turkey</mtriple>
      </modifiedtripleset>
      <lex comment="good" lid="Id1">The Atatürk Monument (İzmir) is found in Turkey where the currency is the Turkish Lira.</lex>
      <lex comment="good" lid="Id2">The Atatürk Monument is in Turkey, where the currency is the lira.</lex>
    </entry>
    <entry category="Monument" eid="Id32" shape="(X (X (X)))" shape_type="chain" size="2">
      <originaltripleset>
        <otriple>Turkey | largestCity | Istanbul</otriple>
        <otriple>Atatürk_Monument_(İzmir) | location | Turkey</otriple>
      </originaltripleset>
      <modifiedtripleset>
        <mtriple>Turkey | largestCity | Istanbul</mtriple>
        <mtriple>Atatürk_Monument_(İzmir) | location | Turkey</mtriple>
      </modifiedtripleset>
      <lex comment="good" lid="Id1">The Atatürk Monument is in Turkey which largest city is Istanbul.</lex>
      <lex comment="good" lid="Id2">Istanbul is the largest city in Turkey, where the Atatürk Monument is located.</lex>
    </entry>
  </entries>
</benchmark>
