<?xml version='1.0' encoding='utf-8'?>
<benchmark>
  <entries>
    <entry category="ComicsCharacter" eid="Id1" shape="(X (X) (X) (X (X)))" shape_type="mixed" size="4">
      <originaltripleset>
        <otriple>Arion_(comics) | creators | Jan_Duursema</otriple>
        <otriple>Jan_Duursema | awards | Eisner_Award</otriple>
        <otriple>Arion_(comics) | alterEgo | "Ahri'ahn"@en</otriple>
        <otriple>Arion_(comics) | creator | Paul_Kupperberg</otriple>
      </originaltripleset>
      <originaltripleset>
        <otriple>Arion_(comics) | creator | Jan_Duursema</otriple>
        <otriple>Jan_Duursema | awards | Eisner_Award</otriple>
        <otriple>Arion_(comics) | alterEgo | "Ahri'ahn"@en</otriple>
        <otriple>Arion_(comics) | creators | Paul_Kupperberg</otriple>
      </originaltripleset>
      <modifiedtripleset>
        <mtriple>Arion_(comicsCharacter) | creator | Jan_Duursema</mtriple>
        <mtriple>Jan_Duursema | award | Eisner_Award</mtriple>
        <mtriple>Arion_(comicsCharacter) | alternativeName | "Ahri'ahn"</mtriple>
        <mtriple>Arion_(comicsCharacter) | creator | Paul_Kupperberg</mtriple>
      </modifiedtripleset>
      <lex comment="good" lid="Id1">Arion (also known as Ahri'ahn) is a comic character created by Paul Kupperberg and Jan Duursema, who won the Eisner award.</lex>
      <lex comment="good" lid="Id2">Paul Kupperberg and Eisner Award winning Jan Duursema are the creators of the comic book character Arion, also know as Ahri'ahn.</lex>
      <lex comment="good" lid="Id3">The comic book character Arion (also known as Ahri'ahn), was created by Paul Kupperberg and Jan Duursema, the latter having won the Eisner Award.</lex>
    </entry>
    <entry category="ComicsCharacter" eid="Id2" shape="(X (X) (X) (X (X)))" shape_type="mixed" size="4">
      <originaltripleset>
        <otriple>Dick_Dillin | nationality | United_States</otriple>
        <otriple>Aurakles | creator | Dick_Dillin</otriple>
        <otriple>Aurakles | creators | Len_Wein</otriple>
        <otriple>Aurakles | alterEgo | "Aurakles"@en</otriple>
      </originaltripleset>
      <originaltripleset>
        <otriple>Aurakles | creators | Dick_Dillin</otriple>
        <otriple>Dick_Dillin | nationality | United_States</otriple>
        <otriple>Aurakles | creator | Len_Wein</otriple>
        <otriple>Aurakles | alterEgo | "Aurakles"@en</otriple>
      </originaltripleset>
      <modifiedtripleset>
        <mtriple>Aurakles | creator | Dick_Dillin</mtriple>
        <mtriple>Dick_Dillin | nationality | United_States</mtriple>
        <mtriple>Aurakles | creator | Len_Wein</mtriple>
        <mtriple>Aurakles | alternativeName | "Aurakles"</mtriple>
      </modifiedtripleset>
      <lex comment="good" lid="Id1">The comic book character Aurakles was created by Len Wein and the American Dick Dillin.</lex>
      <lex comment="good" lid="Id2">The comic book character Aurakles, with the alternative name Aurakles, was created by Dick Dillin (from the United States) and Len Wein.</lex>
      <lex comment="good" lid="Id3">The fictional character Aurakles, also known as ''Aurakles'' was created by Len Wein and Dick Dillin (American).</lex>
    </entry>
    <entry category="ComicsCharacter" eid="Id3" shape="(X (X (X) (X) (X)))" shape_type="mixed" size="4">
      <originaltripleset>
        <otriple>BBC | keyPeople | Rona_Fairhead</otriple>
        <otriple>Bananaman | network | BBC</otriple>
        <otriple>BBC | product | BBC_Radio</otriple>
        <otriple>BBC | locationCity | London</otriple>
      </originaltripleset>
      <modifiedtripleset>
        <mtriple>BBC | keyPerson | Rona_Fairhead</mtriple>
        <mtriple>Bananaman | broadcastedBy | BBC</mtriple>
        <mtriple>BBC | product | BBC_Radio</mtriple>
        <mtriple>BBC | city | London</mtriple>
      </modifiedtripleset>
      <lex comment="good" lid="Id1">The BBC, which is located in London, and where Rona Fairhead is a key person, once broadcast Bananaman and has a product called BBC radio.</lex>
      <lex comment="good" lid="Id2">The BBC, located in London, with Rona Fairhead as a key person, broadcast the TV series Bananaman and produces BBC radio.</lex>
    </entry>
    <entry category="ComicsCharacter" eid="Id4" shape="(X (X) (X) (X (X)))" shape_type="mixed" size="4">
      <originaltripleset>
        <otriple>Balder_(comics) | creators | Jack_Kirby</otriple>
        <otriple>Jack_Kirby | nationality | Americans</otriple>
        <otriple>Balder_(comics) | creator | Stan_Lee</otriple>
        <otriple>Balder_(comics) | alterEgo | "Balder Odinson"@en</otriple>
      </originaltripleset>
      <modifiedtripleset>
        <mtriple>Balder_(comicsCharacter) | creator | Jack_Kirby</mtriple>
        <mtriple>Jack_Kirby | nationality | Americans</mtriple>
        <mtriple>Balder_(comicsCharacter) | creator | Stan_Lee</mtriple>
        <mtriple>Balder_(comicsCharacter) | alternativeName | "Balder Odinson"</mtriple>
      </modifiedtripleset>
      <lex comment="good" lid="Id1">Balder is a comic character created by Stan Lee and the American, Jack Kirby. His alternative name is Balder Odinson.</lex>
      <lex comment="good" lid="Id2">The comic character of Balder is also known as "Balder Odinson". It was created by Stan Lee and the American, Jack Kirby.</lex>
      <lex comment="good" lid="Id3">The comic character, Balder has the alternative name of Balder Odinson . It was created by Stan Lee and the American, Jack Kirby.</lex>
    </entry>
    <entry category="ComicsCharacter" eid="Id5" shape="(X (X (X) (X) (X)))" shape_type="mixed" size="4">
      <originaltripleset>
        <otriple>Bananaman | network | BBC</otriple>
        <otriple>BBC | product | BBC_Radio</otriple>
        <otriple>BBC | locationCity | Broadcasting_House</otriple>
        <otriple>BBC | foundedBy | John_Reith,_1st_Baron_Reith</otriple>
      </originaltripleset>
      <modifiedtripleset>
        <mtriple>Bananaman | broadcastedBy | BBC</mtriple>
        <mtriple>BBC | product | BBC_Radio</mtriple>
        <mtriple>BBC | city | Broadcasting_House</mtriple>
        <mtriple>BBC | foundedBy | John_Reith,_1st_Baron_Reith</mtriple>
      </modifiedtripleset>
      <lex comment="good" lid="Id1">John Reith, 1st Baron Reith founded the BBC who have their HQ at Broadcasting House. The BBC broadcast Bananaman and also produce BBC radio.</lex>
      <lex comment="good" lid="Id2">The BBC, founded by John Reith, 1st Baron Reith, has its headquarters in Broadcasting House. The BBC produces BBC radio and broadcast the TV series Bananaman.</lex>
      <lex comment="good" lid="Id3">The founder of the BBC was 1st Baron John Reith and it is located at Broadcasting House in London. The BBC broadcast Bananaman and also produce BBC radio.</lex>
    </entry>
    <entry category="ComicsCharacter" eid="Id6" shape="(X (X (X) (X) (X)))" shape_type="mixed" size="4">
      <originaltripleset>
        <otriple>Bananaman | network | BBC</otriple>
        <otriple>BBC | product | BBC_Radio</otriple>
        <otriple>BBC | locationCity | London</otriple>
        <otriple>BBC | foundedBy | John_Reith,_1st_Baron_Reith</otriple>
      </originaltripleset>
      <modifiedtripleset>
        <mtriple>Bananaman | broadcastedBy | BBC</mtriple>
        <mtriple>BBC | product | BBC_Radio</mtriple>
        <mtriple>BBC | city | London</mtriple>
        <mtriple>BBC | foundedBy | John_Reith,_1st_Baron_Reith</mtriple>
      </modifiedtripleset>
      <lex comment="good" lid="Id1">1st Baron, John Reith was the founder of the BBC which is located in London and showed the TV series, Bananaman. Another product of the BBC is BBC radio.</lex>
      <lex comment="good" lid="Id2">Bananaman is broadcast by the BBC, the organisation founded by John Reith, 1st Baron Reith. The BBC is based in London and also produces BBC radio.</lex>
    </entry>
    <entry category="ComicsCharacter" eid="Id7" shape="(X (X) (X) (X) (X))" shape_type="sibling" size="4">
      <originaltripleset>
        <otriple>Bananaman | network | BBC</otriple>
        <otriple>Bananaman | creator | "Steve Bright"@en</otriple>
        <otriple>Bananaman | starring | Bill_Oddie</otriple>
        <otriple>Bananaman | firstAired | "1983-10-03"^^xsd:date</otriple>
      </originaltripleset>
      <modifiedtripleset>
        <mtriple>Bananaman | broadcastedBy | BBC</mtriple>
        <mtriple>Bananaman | creator | Steve_Bright</mtriple>
        <mtriple>Bananaman | starring | Bill_Oddie</mtriple>
        <mtriple>Bananaman | firstAired | "1983-10-03"</mtriple>
      </modifiedtripleset>
      <lex comment="good" lid="Id1">Bill Oddie stars in Bananaman which was created by Steve Bright. It was first broadcast by the BBC on 3 October 1983.</lex>
      <lex comment="good" lid="Id2">Bananaman, created by Steve Bright and starring Bill Oddie, was first broadcast by the BBC on the 3rd October 1983.</lex>
    </entry>
    <entry category="ComicsCharacter" eid="Id8" shape="(X (X) (X) (X) (X))" shape_type="sibling" size="4">
      <originaltripleset>
        <otriple>Bananaman | network | BBC</otriple>
        <otriple>Bananaman | creator | "Steve Bright"@en</otriple>
        <otriple>Bananaman | starring | Graeme_Garden</otriple>
        <otriple>Bananaman | firstAired | "1983-10-03"^^xsd:date</otriple>
      </originaltripleset>
      <modifiedtripleset>
        <mtriple>Bananaman | broadcastedBy | BBC</mtriple>
        <mtriple>Bananaman | creator | Steve_Bright</mtriple>
        <mtriple>Bananaman | starring | Graeme_Garden</mtriple>
        <mtriple>Bananaman | firstAired | "1983-10-03"</mtriple>
      </modifiedtripleset>
      <lex comment="good" lid="Id1">Bananaman, which was first broadcast by the BBC on 3rd October 1983, was created by Steve Bright and starred Graeme Garden.</lex>
      <lex comment="good" lid="Id2">Steve Bright created Bananaman which was first aired by the BBC on 3 October 1983 and starred Graeme Garden.</lex>
      <lex comment="good" lid="Id3">Bananaman was first aired on 3 October 1983 by the BBC. It was created by Steve Bright and starred Graeme Garden.</lex>
    </entry>
    <entry category="ComicsCharacter" eid="Id9" shape="(X (X) (X) (X) (X))" shape_type="sibling" size="4">
      <originaltripleset>
        <otriple>Bananaman | network | BBC</otriple>
        <otriple>Bananaman | starring | Jill_Shilling</otriple>
        <otriple>Bananaman | creator | John_Geering</otriple>
        <otriple>Bananaman | firstAired | "1983-10-03"^^xsd:date</otriple>
      </originaltripleset>
      <modifiedtripleset>
        <mtriple>Bananaman | broadcastedBy | BBC</mtriple>
        <mtriple>Bananaman | starring | Jill_Shilling</mtriple>
        <mtriple>Bananaman | creator | John_Geering</mtriple>
        <mtriple>Bananaman | firstAired | "1983-10-03"</mtriple>
      </modifiedtripleset>
      <lex comment="good" lid="Id1">John Geering created the TV character Bananaman which was first broadcast by the BBC on 3 October 1983 and starred Jill Shilling.</lex>
      <lex comment="good" lid="Id2">John Geering created the fictional comic superhero of Bananaman which starred Jill Shilling. It was first aired by the BBC on 3 October 1983.</lex>
    </entry>
    <entry category="ComicsCharacter" eid="Id10" shape="(X (X) (X) (X) (X))" shape_type="sibling" size="4">
      <originaltripleset>
        <otriple>Bananaman | network | BBC</otriple>
        <otriple>Bananaman | starring | Jill_Shilling</otriple>
        <otriple>Bananaman | creator | "Steve Bright"@en</otriple>
        <otriple>Bananaman | firstAired | "1983-10-03"^^xsd:date</otriple>
      </originaltripleset>
      <originaltripleset>
        <otriple>Bananaman | network | BBC</otriple>
        <otriple>Bananaman | starring | Jill_Shilling</otriple>
        <otriple>Bananaman | creator | Steve_Bright</otriple>
        <otriple>Bananaman | firstAired | "1983-10-03"^^xsd:date</otriple>
      </originaltripleset>
      <modifiedtripleset>
        <mtriple>Bananaman | broadcastedBy | BBC</mtriple>
        <mtriple>Bananaman | starring | Jill_Shilling</mtriple>
        <mtriple>Bananaman | creator | Steve_Bright</mtriple>
        <mtriple>Bananaman | firstAired | "1983-10-03"</mtriple>
      </modifiedtripleset>
      <lex comment="good" lid="Id1">Bananaman was first broadcast by the BBC on 3 October 1983. It was created by Steve Bright and starred Jill Shilling.</lex>
      <lex comment="good" lid="Id2">Bananaman, starring Jill Shilling, created by Steve Bright. first aired on the BBC on 3/10/1983.</lex>
    </entry>
    <entry category="ComicsCharacter" eid="Id11" shape="(X (X (X)) (X (X)))" shape_type="mixed" size="4">
      <originaltripleset>
        <otriple>Bananaman | starring | Bill_Oddie</otriple>
        <otriple>Bananaman | network | BBC</otriple>
        <otriple>Bill_Oddie | birthPlace | Lancashire</otriple>
        <otriple>BBC | locationCity | Broadcasting_House</otriple>
      </originaltripleset>
      <modifiedtripleset>
        <mtriple>Bananaman | starring | Bill_Oddie</mtriple>
        <mtriple>Bananaman | broadcastedBy | BBC</mtriple>
        <mtriple>Bill_Oddie | birthPlace | Lancashire</mtriple>
        <mtriple>BBC | city | Broadcasting_House</mtriple>
      </modifiedtripleset>
      <lex comment="good" lid="Id1">Lancashire born Bill Oddie was the star of Bananaman, broadcasted by the BBC out of the broadcasting house in London.</lex>
    </entry>
    <entry category="ComicsCharacter" eid="Id12" shape="(X (X (X)) (X (X)))" shape_type="mixed" size="4">
      <originaltripleset>
        <otriple>Bananaman | starring | Bill_Oddie</otriple>
        <otriple>Bananaman | network | BBC</otriple>
        <otriple>Bill_Oddie | birthPlace | Lancashire</otriple>
        <otriple>BBC | locationCity | London</otriple>
      </originaltripleset>
      <modifiedtripleset>
        <mtriple>Bananaman | starring | Bill_Oddie</mtriple>
        <mtriple>Bananaman | broadcastedBy | BBC</mtriple>
        <mtriple>Bill_Oddie | birthPlace | Lancashire</mtriple>
        <mtriple>BBC | city | London</mtriple>
      </modifiedtripleset>
      <lex comment="good" lid="Id1">Lancashire born Bill Oddie starred in Bananaman. It was broadcast by the BBC located in London.</lex>
      <lex comment="good" lid="Id2">Bananaman, that starred Lancashire born Bill Oddie, is broadcast by the BBC which is located in London.</lex>
      <lex comment="good" lid="Id3">Lancashire born Bill Oddie starred in the TV series Bananaman. It was shown by the BBC who are located in London.</lex>
    </entry>
    <entry category="ComicsCharacter" eid="Id13" shape="(X (X (X)) (X (X)))" shape_type="mixed" size="4">
      <originaltripleset>
        <otriple>Bananaman | starring | Bill_Oddie</otriple>
        <otriple>Bananaman | network | BBC</otriple>
        <otriple>Bill_Oddie | birthPlace | Rochdale</otriple>
        <otriple>BBC | locationCity | Broadcasting_House</otriple>
      </originaltripleset>
      <modifiedtripleset>
        <mtriple>Bananaman | starring | Bill_Oddie</mtriple>
        <mtriple>Bananaman | broadcastedBy | BBC</mtriple>
        <mtriple>Bill_Oddie | birthPlace | Rochdale</mtriple>
        <mtriple>BBC | city | Broadcasting_House</mtriple>
      </modifiedtripleset>
      <lex comment="good" lid="Id1">Rochdale born Bill Oddie starred in the TV series Bananaman. This show was broadcast by the BBC, which has its headquarters in Broadcasting House.</lex>
      <lex comment="good" lid="Id2">The BBC broadcast Bananaman, which starred Rochdale born Bill Oddie. The BBC headquarters is called Broadcasting House.</lex>
      <lex comment="good" lid="Id3">Rochdale born Bill Oddie starred in Bananaman which was a TV series shown on the BBC, based at Broadcasting House in London.</lex>
    </entry>
    <entry category="ComicsCharacter" eid="Id14" shape="(X (X (X)) (X (X)))" shape_type="mixed" size="4">
      <originaltripleset>
        <otriple>Bananaman | starring | Bill_Oddie</otriple>
        <otriple>Bananaman | network | BBC</otriple>
        <otriple>Bill_Oddie | birthPlace | Rochdale</otriple>
        <otriple>BBC | locationCity | London</otriple>
      </originaltripleset>
      <modifiedtripleset>
        <mtriple>Bananaman | starring | Bill_Oddie</mtriple>
        <mtriple>Bananaman | broadcastedBy | BBC</mtriple>
        <mtriple>Bill_Oddie | birthPlace | Rochdale</mtriple>
        <mtriple>BBC | city | London</mtriple>
      </modifiedtripleset>
      <lex comment="good" lid="Id1">Bananaman the TV series was shown on the BBC (London) and starred Bill Oddie, who was born in Rochdale.</lex>
      <lex comment="good" lid="Id2">The BBC, which is located in London, showed the TV series Bananaman. It starred Bill Oddie who was born in Rochdale.</lex>
      <lex comment="good" lid="Id3">Bananaman is a tv series which starred Rochdale born Bill Oddie. The series was shown on the BBC which is located in the city of London.</lex>
    </entry>
    <entry category="ComicsCharacter" eid="Id15" shape="(X (X (X)) (X (X)))" shape_type="mixed" size="4">
      <originaltripleset>
        <otriple>Bananaman | starring | Graeme_Garden</otriple>
        <otriple>Graeme_Garden | birthPlace | Aberdeen</otriple>
        <otriple>Bananaman | network | BBC</otriple>
        <otriple>BBC | locationCity | Broadcasting_House</otriple>
      </originaltripleset>
      <modifiedtripleset>
        <mtriple>Bananaman | starring | Graeme_Garden</mtriple>
        <mtriple>Graeme_Garden | birthPlace | Aberdeen</mtriple>
        <mtriple>Bananaman | broadcastedBy | BBC</mtriple>
        <mtriple>BBC | city | Broadcasting_House</mtriple>
      </modifiedtripleset>
      <lex comment="good" lid="Id1">Aberdeen born Graeme Garden starred in Bananaman, which was broadcast by the BBC, whose headquarters are called Broadcasting House.</lex>
      <lex comment="good" lid="Id2">Aberdeen born Graeme Garden starred in the tv series " Bananaman " . The series was shown on the BBC which is based in the broadcasting house in London.</lex>
      <lex comment="good" lid="Id3">The BBC, based in Broadcasting House, London, showed the TV series Bananaman. This show starred Aberdeen born Graeme Garden.</lex>
    </entry>
    <entry category="ComicsCharacter" eid="Id16" shape="(X (X) (X) (X) (X))" shape_type="sibling" size="4">
      <originaltripleset>
        <otriple>Bananaman | starring | Tim_Brooke-Taylor</otriple>
        <otriple>Bananaman | network | BBC</otriple>
        <otriple>Bananaman | creator | John_Geering</otriple>
        <otriple>Bananaman | firstAired | "1983-10-03"^^xsd:date</otriple>
      </originaltripleset>
      <modifiedtripleset>
        <mtriple>Bananaman | starring | Tim_Brooke-Taylor</mtriple>
        <mtriple>Bananaman | broadcastedBy | BBC</mtriple>
        <mtriple>Bananaman | creator | John_Geering</mtriple>
        <mtriple>Bananaman | firstAired | "1983-10-03"</mtriple>
      </modifiedtripleset>
      <lex comment="good" lid="Id1">Tim Brooke-Taylor starred in Bananaman which was created by John Geering. It was first broadcast by the BBC on 3 October 1983.</lex>
      <lex comment="good" lid="Id2">Bananaman was first aired on 10/03/1983 and was broadcast by the BBC. Tim Brooke-Taylor starred in the show, which was created by John Geering.</lex>
      <lex comment="good" lid="Id3">The fictional comic superhero Bananaman was created by John Geering and starred Tim Brooke-taylor. It was first broadcast on 3 October 1983 by the BBC.</lex>
    </entry>
    <entry category="ComicsCharacter" eid="Id17" shape="(X (X) (X) (X) (X))" shape_type="sibling" size="4">
      <originaltripleset>
        <otriple>Bananaman | starring | Tim_Brooke-Taylor</otriple>
        <otriple>Bananaman | network | BBC</otriple>
        <otriple>Bananaman | creator | Steve_Bright</otriple>
        <otriple>Bananaman | firstAired | "1983-10-03"^^xsd:date</otriple>
      </originaltripleset>
      <originaltripleset>
        <otriple>Bananaman | starring | Tim_Brooke-Taylor</otriple>
        <otriple>Bananaman | network | BBC</otriple>
        <otriple>Bananaman | creator | "Steve Bright"@en</otriple>
        <otriple>Bananaman | firstAired | "1983-10-03"^^xsd:date</otriple>
      </originaltripleset>
      <modifiedtripleset>
        <mtriple>Bananaman | starring | Tim_Brooke-Taylor</mtriple>
        <mtriple>Bananaman | broadcastedBy | BBC</mtriple>
        <mtriple>Bananaman | creator | Steve_Bright</mtriple>
        <mtriple>Bananaman | firstAired | "1983-10-03"</mtriple>
      </modifiedtripleset>
      <lex comment="good" lid="Id1">Bananaman was created by Steve Bright and starred Tim Brooke-Taylor. It was first aired on 3 October 1983, being broadcast by the BBC.</lex>
      <lex comment="good" lid="Id2">Bananaman (created by Steve Bright) was first broadcasted by the BBC on the 10/03/1983, and starred Tim Brooke-Taylor.</lex>
      <lex comment="good" lid="Id3">Tim Brooke-Taylor starred in Bananaman which was created by Steve Bright. It was broadcast by the BBC and first aired on 3 October 1983.</lex>
    </entry>
    <entry category="ComicsCharacter" eid="Id18" shape="(X (X) (X) (X) (X))" shape_type="sibling" size="4">
      <originaltripleset>
        <otriple>Baymax | voice | Scott_Adsit</otriple>
        <otriple>Baymax | creators | Duncan_Rouleau</otriple>
        <otriple>Baymax | firstAppearance | "Big Hero 6(2014)"</otriple>
        <otriple>Baymax | creator | Steven_T._Seagle</otriple>
      </originaltripleset>
      <originaltripleset>
        <otriple>Baymax | voice | Scott_Adsit</otriple>
        <otriple>Baymax | creator | Duncan_Rouleau</otriple>
        <otriple>Baymax | firstAppearance | "Big Hero 6(2014)"</otriple>
        <otriple>Baymax | creators | Steven_T._Seagle</otriple>
      </originaltripleset>
      <originaltripleset>
        <otriple>Baymax | first | Big_Hero_6_(film)</otriple>
        <otriple>Baymax | voice | Scott_Adsit</otriple>
        <otriple>Baymax | creator | Duncan_Rouleau</otriple>
        <otriple>Baymax | creators | Steven_T._Seagle</otriple>
      </originaltripleset>
      <originaltripleset>
        <otriple>Baymax | first | Big_Hero_6_(film)</otriple>
        <otriple>Baymax | voice | Scott_Adsit</otriple>
        <otriple>Baymax | creators | Duncan_Rouleau</otriple>
        <otriple>Baymax | creator | Steven_T._Seagle</otriple>
      </originaltripleset>
      <modifiedtripleset>
        <mtriple>Baymax | firstAppearanceInFilm | Big_Hero_6_(film)</mtriple>
        <mtriple>Baymax | voice | Scott_Adsit</mtriple>
        <mtriple>Baymax | creator | Duncan_Rouleau</mtriple>
        <mtriple>Baymax | creator | Steven_T._Seagle</mtriple>
      </modifiedtripleset>
      <lex comment="good" lid="Id1">The character Baymax first appeared in the film Big Hero 6 and is voiced by Scott Adsit. It was created by Duncan Rouleau and Steven T. Seagle.</lex>
      <lex comment="good" lid="Id2">Duncan Rouleau and Steven T Seagle created the character of Baymax who first appeared in the film Big Hero 6 and is voiced by Scott Adsit.</lex>
      <lex comment="good" lid="Id3">Baymax, voiced by Scott Adsit and created by Duncan Rouleau and Steven T. Seagle first appeared in the film Big Hero 6.</lex>
    </entry>
    <entry category="ComicsCharacter" eid="Id19" shape="(X (X) (X) (X (X)))" shape_type="mixed" size="4">
      <originaltripleset>
        <otriple>Duncan_Rouleau | nationality | Americans</otriple>
        <otriple>Baymax | creators | Duncan_Rouleau</otriple>
        <otriple>Baymax | firstAppearance | "Big Hero 6(2014)"</otriple>
        <otriple>Baymax | creator | Steven_T._Seagle</otriple>
      </originaltripleset>
      <originaltripleset>
        <otriple>Baymax | first | Big_Hero_6_(film)</otriple>
        <otriple>Duncan_Rouleau | nationality | Americans</otriple>
        <otriple>Baymax | creators | Duncan_Rouleau</otriple>
        <otriple>Baymax | creator | Steven_T._Seagle</otriple>
      </originaltripleset>
      <originaltripleset>
        <otriple>Baymax | creator | Duncan_Rouleau</otriple>
        <otriple>Duncan_Rouleau | nationality | Americans</otriple>
        <otriple>Baymax | firstAppearance | "Big Hero 6(2014)"</otriple>
        <otriple>Baymax | creators | Steven_T._Seagle</otriple>
      </originaltripleset>
      <originaltripleset>
        <otriple>Baymax | first | Big_Hero_6_(film)</otriple>
        <otriple>Baymax | creator | Duncan_Rouleau</otriple>
        <otriple>Duncan_Rouleau | nationality | Americans</otriple>
        <otriple>Baymax | creators | Steven_T._Seagle</otriple>
      </originaltripleset>
      <modifiedtripleset>
        <mtriple>Baymax | firstAppearanceInFilm | Big_Hero_6_(film)</mtriple>
        <mtriple>Duncan_Rouleau | nationality | Americans</mtriple>
        <mtriple>Baymax | creator | Duncan_Rouleau</mtriple>
        <mtriple>Baymax | creator | Steven_T._Seagle</mtriple>
      </modifiedtripleset>
      <lex comment="good" lid="Id1">The character Baymax, created by Steven T. Seagle and the American Duncan Rouleau, first appeared in the film Big Hero 6.</lex>
      <lex comment="good" lid="Id2">Baymax first appeared in the film Big Hero 6 and was created by Steven T Seagle and the American, Duncan Rouleau.</lex>
      <lex comment="good" lid="Id3">Big hero 6 was the first appearance for Baymax, created by American Duncan Rouleau and Steven T. Seagle.</lex>
    </entry>
    <entry category="ComicsCharacter" eid="Id20" shape="(X (X) (X) (X) (X))" shape_type="sibling" size="4">
      <originaltripleset>
        <otriple>Baymax | series | Big_Hero_6_(film)</otriple>
        <otriple>Baymax | creator | Duncan_Rouleau</otriple>
        <otriple>Baymax | firstAppearance | "Big Hero 6(2014)"</otriple>
        <otriple>Baymax | creators | Steven_T._Seagle</otriple>
      </originaltripleset>
      <originaltripleset>
        <otriple>Baymax | series | Big_Hero_6_(film)</otriple>
        <otriple>Baymax | creators | Duncan_Rouleau</otriple>
        <otriple>Baymax | firstAppearance | "Big Hero 6(2014)"</otriple>
        <otriple>Baymax | creator | Steven_T._Seagle</otriple>
      </originaltripleset>
      <modifiedtripleset>
        <mtriple>Baymax | series | Big_Hero_6_(film)</mtriple>
        <mtriple>Baymax | creator | Duncan_Rouleau</mtriple>
        <mtriple>Baymax | firstAppearanceInFilm | Big_Hero_6_(film)</mtriple>
        <mtriple>Baymax | creator | Steven_T._Seagle</mtriple>
      </modifiedtripleset>
      <lex comment="good" lid="Id1">Baymax is a character created by Duncan Rouleau and Steven T. Seagle which first appeared in the film "Big Hero 6".</lex>
      <lex comment="good" lid="Id2">Baymax is a character who first appeared in the film Big Hero 6. It was created by Steven T Seagle and Duncan Rouleau.</lex>
      <lex comment="good" lid="Id3">Steven T Seagle and Duncan Rouleau created the character Baymax, which first appeared in the movie Big Hero 6.</lex>
    </entry>
    <entry category="ComicsCharacter" eid="Id21" shape="(X (X) (X) (X) (X))" shape_type="sibling" size="4">
      <originaltripleset>
        <otriple>Baymax | series | Big_Hero_6_(film)</otriple>
        <otriple>Baymax | voice | Scott_Adsit</otriple>
        <otriple>Baymax | creators | Duncan_Rouleau</otriple>
        <otriple>Baymax | creator | Steven_T._Seagle</otriple>
      </originaltripleset>
      <originaltripleset>
        <otriple>Baymax | series | Big_Hero_6_(film)</otriple>
        <otriple>Baymax | voice | Scott_Adsit</otriple>
        <otriple>Baymax | creator | Duncan_Rouleau</otriple>
        <otriple>Baymax | creators | Steven_T._Seagle</otriple>
      </originaltripleset>
      <modifiedtripleset>
        <mtriple>Baymax | series | Big_Hero_6_(film)</mtriple>
        <mtriple>Baymax | voice | Scott_Adsit</mtriple>
        <mtriple>Baymax | creator | Duncan_Rouleau</mtriple>
        <mtriple>Baymax | creator | Steven_T._Seagle</mtriple>
      </modifiedtripleset>
      <lex comment="good" lid="Id1">Baymax, the Big Hero 6 character created by Steven T. Seagle and Duncan Rouleau, is voiced by Scott Adsit.</lex>
      <lex comment="good" lid="Id2">Duncan Rouleau and Steven T. Seagle are both creators of the character Baymax which featured in the film Big Hero 6. The voice of this character in the film was provided by Scott Adsit.</lex>
      <lex comment="good" lid="Id3">Duncan Rouleau and Steven T. Seagle are both creators of Baymax which featured in the film Big Hero 6. The voice of Baymax was provided by Scott Adsit.</lex>
    </entry>
    <entry category="ComicsCharacter" eid="Id22" shape="(X (X) (X) (X (X)))" shape_type="mixed" size="4">
      <originaltripleset>
        <otriple>Bolt_(DC_Comics) | creators | Paris_Cullins</otriple>
        <otriple>Ernie_Colón | nationality | Puerto_Ricans</otriple>
        <otriple>Bolt_(DC_Comics) | creator | Ernie_Colón</otriple>
        <otriple>Bolt_(DC_Comics) | alterEgo | "Larry Bolatinsky"@en</otriple>
      </originaltripleset>
      <originaltripleset>
        <otriple>Bolt_(DC_Comics) | creator | Paris_Cullins</otriple>
        <otriple>Bolt_(DC_Comics) | creators | Ernie_Colón</otriple>
        <otriple>Ernie_Colón | nationality | Puerto_Ricans</otriple>
        <otriple>Bolt_(DC_Comics) | alterEgo | "Larry Bolatinsky"@en</otriple>
      </originaltripleset>
      <modifiedtripleset>
        <mtriple>Bolt_(comicsCharacter) | creator | Paris_Cullins</mtriple>
        <mtriple>Ernie_Colón | nationality | Puerto_Ricans</mtriple>
        <mtriple>Bolt_(comicsCharacter) | creator | Ernie_Colón</mtriple>
        <mtriple>Bolt_(comicsCharacter) | alternativeName | "Larry Bolatinsky"</mtriple>
      </modifiedtripleset>
      <lex comment="good" lid="Id1">Bolt (Larry Bolatinsky) is a comic character that was created by both Paris Cullins and Ernie Colon who is a national of Puerto Rico.</lex>
      <lex comment="good" lid="Id2">Bolt is a comic character otherwise know as Larry Bolatinsky. He was created by Paris Cullins and Ernie Colon (national of Puerto Rico).</lex>
      <lex comment="good" lid="Id3">The character Bolt, also known as Larry Bolatinsky, was created by Paris Cullins and Ernie Colon, a puerto Rican National.</lex>
    </entry>
    <entry category="ComicsCharacter" eid="Id23" shape="(X (X) (X) (X (X)))" shape_type="mixed" size="4">
      <originaltripleset>
        <otriple>Baymax | creator | Duncan_Rouleau</otriple>
        <otriple>Duncan_Rouleau | nationality | Americans</otriple>
        <otriple>Baymax | creators | Steven_T._Seagle</otriple>
        <otriple>Baymax | series | Big_Hero_6_(film)</otriple>
      </originaltripleset>
      <originaltripleset>
        <otriple>Duncan_Rouleau | nationality | Americans</otriple>
        <otriple>Baymax | creators | Duncan_Rouleau</otriple>
        <otriple>Baymax | creator | Steven_T._Seagle</otriple>
        <otriple>Baymax | series | Big_Hero_6_(film)</otriple>
      </originaltripleset>
      <modifiedtripleset>
        <mtriple>Duncan_Rouleau | nationality | Americans</mtriple>
        <mtriple>Baymax | creator | Duncan_Rouleau</mtriple>
        <mtriple>Baymax | creator | Steven_T._Seagle</mtriple>
        <mtriple>Baymax | series | Big_Hero_6_(film)</mtriple>
      </modifiedtripleset>
      <lex comment="good" lid="Id1">Baymax is a character from Big Hero 6, who was created by American born Duncan Rouleau and Steven T. Seagle.</lex>
      <lex comment="good" lid="Id2">Baymax, a character in Big Hero 6, was created by Steven T Seagle and the American, Duncan Rouleau.</lex>
      <lex comment="good" lid="Id3">Baymax, created by Steven T Seagle and the American Duncan Rouleau, is a character in Big Hero 6.</lex>
    </entry>
    <entry category="ComicsCharacter" eid="Id24" shape="(X (X) (X) (X (X)))" shape_type="mixed" size="4">
      <originaltripleset>
        <otriple>Baymax | creator | Duncan_Rouleau</otriple>
        <otriple>Duncan_Rouleau | nationality | Americans</otriple>
        <otriple>Baymax | creators | Steven_T._Seagle</otriple>
        <otriple>Baymax | voice | Scott_Adsit</otriple>
      </originaltripleset>
      <originaltripleset>
        <otriple>Duncan_Rouleau | nationality | Americans</otriple>
        <otriple>Baymax | creators | Duncan_Rouleau</otriple>
        <otriple>Baymax | creator | Steven_T._Seagle</otriple>
        <otriple>Baymax | voice | Scott_Adsit</otriple>
      </originaltripleset>
      <modifiedtripleset>
        <mtriple>Duncan_Rouleau | nationality | Americans</mtriple>
        <mtriple>Baymax | creator | Duncan_Rouleau</mtriple>
        <mtriple>Baymax | creator | Steven_T._Seagle</mtriple>
        <mtriple>Baymax | voice | Scott_Adsit</mtriple>
      </modifiedtripleset>
      <lex comment="good" lid="Id1">The character Baymax, created by Steven T. Seagle and the American Duncan Rouleau, is voiced by Scott Adsit.</lex>
      <lex comment="good" lid="Id2">Scott Adsit provides the voice for Baymax who was created by Steven T. Seagle and the American, Duncan Rouleau.</lex>
      <lex comment="good" lid="Id3">Scott Adsit provides the voice for the character Baymax who was created by Steven T Seagle and the American, Duncan Rouleau.</lex>
    </entry>
    <entry category="ComicsCharacter" eid="Id25" shape="(X (X (X)) (X (X)))" shape_type="mixed" size="4">
      <originaltripleset>
        <otriple>Duncan_Rouleau | nationality | Americans</otriple>
        <otriple>Baymax | creators | Duncan_Rouleau</otriple>
        <otriple>Baymax | series | Big_Hero_6_(film)</otriple>
        <otriple>Big_Hero_6_(film) | starring | Scott_Adsit</otriple>
      </originaltripleset>
      <originaltripleset>
        <otriple>Baymax | creator | Duncan_Rouleau</otriple>
        <otriple>Duncan_Rouleau | nationality | Americans</otriple>
        <otriple>Baymax | series | Big_Hero_6_(film)</otriple>
        <otriple>Big_Hero_6_(film) | starring | Scott_Adsit</otriple>
      </originaltripleset>
      <modifiedtripleset>
        <mtriple>Duncan_Rouleau | nationality | Americans</mtriple>
        <mtriple>Baymax | creator | Duncan_Rouleau</mtriple>
        <mtriple>Baymax | series | Big_Hero_6_(film)</mtriple>
        <mtriple>Big_Hero_6_(film) | starring | Scott_Adsit</mtriple>
      </modifiedtripleset>
      <lex comment="good" lid="Id1">Baymax is a character in Big Hero 6 which starred Scott Adsit. The creator of Baymax is the American, Duncan Rouleau.</lex>
      <lex comment="good" lid="Id2">Baymax is a character in the film Big Hero 6 which star's Scott Adsit. The creator of this character is American national, Duncan Rouleau.</lex>
      <lex comment="good" lid="Id3">The American, Duncan Rouleau created the character of Baymax which appeared in the film Big Hero 6 alongside the star of the film, Scott Adsit.</lex>
    </entry>
    <entry category="ComicsCharacter" eid="Id26" shape="(X (X (X)) (X (X)))" shape_type="mixed" size="4">
      <originaltripleset>
        <otriple>Duncan_Rouleau | nationality | Americans</otriple>
        <otriple>Baymax | creators | Duncan_Rouleau</otriple>
        <otriple>Big_Hero_6_(film) | starring | Alan_Tudyk</otriple>
        <otriple>Baymax | series | Big_Hero_6_(film)</otriple>
      </originaltripleset>
      <originaltripleset>
        <otriple>Baymax | creator | Duncan_Rouleau</otriple>
        <otriple>Duncan_Rouleau | nationality | Americans</otriple>
        <otriple>Big_Hero_6_(film) | starring | Alan_Tudyk</otriple>
        <otriple>Baymax | series | Big_Hero_6_(film)</otriple>
      </originaltripleset>
      <modifiedtripleset>
        <mtriple>Duncan_Rouleau | nationality | Americans</mtriple>
        <mtriple>Baymax | creator | Duncan_Rouleau</mtriple>
        <mtriple>Big_Hero_6_(film) | starring | Alan_Tudyk</mtriple>
        <mtriple>Baymax | series | Big_Hero_6_(film)</mtriple>
      </modifiedtripleset>
      <lex comment="good" lid="Id1">Alan Tudyk stars in the film, Big Hero 6 in which Baymax, created by the American Duncan Rouleau, is also a character.</lex>
      <lex comment="good" lid="Id2">The American, Duncan Rouleau created the character of Baymax who appeared in the film Big Hero 6 which starred Alan Tudyk.</lex>
      <lex comment="good" lid="Id3">American national Duncan Rouleau is the creator of the character Baymax, which featured in the film Big Hero 6 (starring Alan Tudyk).</lex>
    </entry>
    <entry category="ComicsCharacter" eid="Id27" shape="(X (X) (X) (X (X)))" shape_type="mixed" size="4">
      <originaltripleset>
        <otriple>Jerry_Ordway | nationality | Americans</otriple>
        <otriple>Bibbo_Bibbowski | fullName | "Bo Bibbowski"@en</otriple>
        <otriple>Bibbo_Bibbowski | creator | Jerry_Ordway</otriple>
        <otriple>Bibbo_Bibbowski | creators | Marv_Wolfman</otriple>
      </originaltripleset>
      <modifiedtripleset>
        <mtriple>Jerry_Ordway | nationality | Americans</mtriple>
        <mtriple>Bibbo_Bibbowski | fullName | "Bo Bibbowski"</mtriple>
        <mtriple>Bibbo_Bibbowski | creator | Jerry_Ordway</mtriple>
        <mtriple>Bibbo_Bibbowski | creator | Marv_Wolfman</mtriple>
      </modifiedtripleset>
      <lex comment="good" lid="Id1">Bibbo Bibbowski is the full name of Bo Bibbowski created by Marv Wolfman and the American, Jerry Ordway.</lex>
      <lex comment="good" lid="Id2">Bo (full name Bibbo) Bibbowski was created by Marv Wolfman and the American, Jerry Ordway.</lex>
      <lex comment="good" lid="Id3">Marv Wolfman and the American, Jerry Ordway created Bo (full name Bibbo) Bibbowski.</lex>
    </entry>
    <entry category="ComicsCharacter" eid="Id28" shape="(X (X) (X) (X (X)))" shape_type="mixed" size="4">
      <originaltripleset>
        <otriple>Karl_Kesel | nationality | Americans</otriple>
        <otriple>Auron_(comics) | fullName | "Lambien"@en</otriple>
        <otriple>Auron_(comics) | creators | Karl_Kesel</otriple>
        <otriple>Auron_(comics) | creator | Marv_Wolfman</otriple>
      </originaltripleset>
      <modifiedtripleset>
        <mtriple>Karl_Kesel | nationality | Americans</mtriple>
        <mtriple>Auron_(comicsCharacter) | fullName | "Lambien"</mtriple>
        <mtriple>Auron_(comicsCharacter) | creator | Karl_Kesel</mtriple>
        <mtriple>Auron_(comicsCharacter) | creator | Marv_Wolfman</mtriple>
      </modifiedtripleset>
      <lex comment="good" lid="Id1">The comic character Auron (Lambien) was created by both Marv Wolfman and American national Karl Kesel.</lex>
      <lex comment="good" lid="Id2">Auron (Lambien) is a comic character that was created by both Marv Wolfman and American national Karl Kesel.</lex>
      <lex comment="good" lid="Id3">Marv Wolfman and the American Karl Kesel are the creators of the comic book character Auron, whose full name is Lambien.</lex>
    </entry>
    <entry category="ComicsCharacter" eid="Id29" shape="(X (X) (X) (X (X)))" shape_type="mixed" size="4">
      <originaltripleset>
        <otriple>Karl_Kesel | nationality | Americans</otriple>
        <otriple>Auron_(comics) | fullName | "Lambien"@en</otriple>
        <otriple>Auron_(comics) | creators | Karl_Kesel</otriple>
        <otriple>Auron_(comics) | creator | Walt_Simonson</otriple>
      </originaltripleset>
      <originaltripleset>
        <otriple>Auron_(comics) | creator | Karl_Kesel</otriple>
        <otriple>Karl_Kesel | nationality | Americans</otriple>
        <otriple>Auron_(comics) | creators | Walt_Simonson</otriple>
        <otriple>Auron_(comics) | fullName | "Lambien"@en</otriple>
      </originaltripleset>
      <modifiedtripleset>
        <mtriple>Karl_Kesel | nationality | Americans</mtriple>
        <mtriple>Auron_(comicsCharacter) | fullName | "Lambien"</mtriple>
        <mtriple>Auron_(comicsCharacter) | creator | Karl_Kesel</mtriple>
        <mtriple>Auron_(comicsCharacter) | creator | Walt_Simonson</mtriple>
      </modifiedtripleset>
      <lex comment="good" lid="Id1">The comic character of Auron (whose full name is Lambien) was created by Walt Simonson and the American, Karl Kesel.</lex>
      <lex comment="good" lid="Id2">The comic character of Auron has the full name Lambien. He was created by Walt Simonson and the American, Karl Kesel.</lex>
      <lex comment="good" lid="Id3">The comic book character Auron, with the full name Lambien, was created by Walt Simonson and Karl Kesel, who is from the United States.</lex>
    </entry>
    <entry category="ComicsCharacter" eid="Id30" shape="(X (X) (X) (X (X)))" shape_type="mixed" size="4">
      <originaltripleset>
        <otriple>Paris_Cullins | nationality | United_States</otriple>
        <otriple>Bolt_(DC_Comics) | creators | Dan_Mishkin</otriple>
        <otriple>Bolt_(DC_Comics) | creator | Paris_Cullins</otriple>
        <otriple>Bolt_(DC_Comics) | alterEgo | "Larry Bolatinsky"@en</otriple>
      </originaltripleset>
      <originaltripleset>
        <otriple>Bolt_(DC_Comics) | creators | Paris_Cullins</otriple>
        <otriple>Paris_Cullins | nationality | United_States</otriple>
        <otriple>Bolt_(DC_Comics) | alterEgo | "Larry Bolatinsky"@en</otriple>
        <otriple>Bolt_(DC_Comics) | creator | Dan_Mishkin</otriple>
      </originaltripleset>
      <modifiedtripleset>
        <mtriple>Paris_Cullins | nationality | United_States</mtriple>
        <mtriple>Bolt_(comicsCharacter) | creator | Dan_Mishkin</mtriple>
        <mtriple>Bolt_(comicsCharacter) | creator | Paris_Cullins</mtriple>
        <mtriple>Bolt_(comicsCharacter) | alternativeName | "Larry Bolatinsky"</mtriple>
      </modifiedtripleset>
      <lex comment="good" lid="Id1">Bolt is a comic character with the alternative name of Larry Bolatinsky. He was created by Dan Mishkin and the US national, Paris Cullins.</lex>
      <lex comment="good" lid="Id2">Bolt (Larry Bolatinsky) is a comic character which was created by both Dan Mishkin and U.S. national Paris Cullins.</lex>
      <lex comment="good" lid="Id3">The comic book character Bolt also known as Larry Bolatinsky was created by Dan Mishkin and the American Paris Cullins.</lex>
    </entry>
    <entry category="ComicsCharacter" eid="Id31" shape="(X (X) (X) (X (X)))" shape_type="mixed" size="4">
      <originaltripleset>
        <otriple>Paris_Cullins | nationality | United_States</otriple>
        <otriple>Bolt_(DC_Comics) | creators | Gary_Cohn_(comics)</otriple>
        <otriple>Bolt_(DC_Comics) | creator | Paris_Cullins</otriple>
        <otriple>Bolt_(DC_Comics) | alterEgo | "Larry Bolatinsky"@en</otriple>
      </originaltripleset>
      <originaltripleset>
        <otriple>Bolt_(DC_Comics) | creators | Paris_Cullins</otriple>
        <otriple>Paris_Cullins | nationality | United_States</otriple>
        <otriple>Bolt_(DC_Comics) | alterEgo | "Larry Bolatinsky"@en</otriple>
        <otriple>Bolt_(DC_Comics) | creator | Gary_Cohn_(comics)</otriple>
      </originaltripleset>
      <modifiedtripleset>
        <mtriple>Paris_Cullins | nationality | United_States</mtriple>
        <mtriple>Bolt_(comicsCharacter) | creator | Gary_Cohn_(comics)</mtriple>
        <mtriple>Bolt_(comicsCharacter) | creator | Paris_Cullins</mtriple>
        <mtriple>Bolt_(comicsCharacter) | alternativeName | "Larry Bolatinsky"</mtriple>
      </modifiedtripleset>
      <lex comment="good" lid="Id1">The US national, Paris Cullins along with comic book writer, Gary Cohn created the comic character of Bolt. The character has the alternative name of Larry Bolatinsky.</lex>
      <lex comment="good" lid="Id2">The comic character Bolt, or otherwise known as Larry Bolatinsky, was created by both Gary Cohn and U.S national Paris Cullins.</lex>
      <lex comment="good" lid="Id3">Bolt, also known as Larry Bolatinsky, is a comic book character created by Gary Cohn and the United States national Paris Cullins.</lex>
    </entry>
    <entry category="ComicsCharacter" eid="Id32" shape="(X (X) (X) (X (X)))" shape_type="mixed" size="4">
      <originaltripleset>
        <otriple>Bolt_(DC_Comics) | creators | Paris_Cullins</otriple>
        <otriple>Paris_Cullins | nationality | United_States</otriple>
        <otriple>Bolt_(DC_Comics) | creator | Ernie_Colón</otriple>
        <otriple>Bolt_(DC_Comics) | alterEgo | "Larry Bolatinsky"@en</otriple>
      </originaltripleset>
      <originaltripleset>
        <otriple>Paris_Cullins | nationality | United_States</otriple>
        <otriple>Bolt_(DC_Comics) | creator | Paris_Cullins</otriple>
        <otriple>Bolt_(DC_Comics) | creators | Ernie_Colón</otriple>
        <otriple>Bolt_(DC_Comics) | alterEgo | "Larry Bolatinsky"@en</otriple>
      </originaltripleset>
      <modifiedtripleset>
        <mtriple>Paris_Cullins | nationality | United_States</mtriple>
        <mtriple>Bolt_(comicsCharacter) | creator | Paris_Cullins</mtriple>
        <mtriple>Bolt_(comicsCharacter) | creator | Ernie_Colón</mtriple>
        <mtriple>Bolt_(comicsCharacter) | alternativeName | "Larry Bolatinsky"</mtriple>
      </modifiedtripleset>
      <lex comment="good" lid="Id1">Larry Bolatinsky is the alternative name for the comic book character Bolt, which was created by Ernie Colon and the American Paris Cullins.</lex>
      <lex comment="good" lid="Id2">Ernie Colon and the US national Paris Cullins created the comic character of Bolt, who has the alternative name of Larry Bolatinsky.</lex>
      <lex comment="good" lid="Id3">Ernie Colón and the American Paris Cullins were among the creators of the comic book character Bolt, also known as Larry Bolatinsky.</lex>
    </entry>
    <entry category="ComicsCharacter" eid="Id33" shape="(X (X) (X) (X (X)))" shape_type="mixed" size="4">
      <originaltripleset>
        <otriple>René_Goscinny | nationality | French_people</otriple>
        <otriple>Asterix_(character) | creator | René_Goscinny</otriple>
        <otriple>Asterix_(character) | alterEgo | "Astérix"@en</otriple>
        <otriple>Asterix_(character) | creators | Albert_Uderzo</otriple>
      </originaltripleset>
      <originaltripleset>
        <otriple>Asterix_(character) | creators | René_Goscinny</otriple>
        <otriple>René_Goscinny | nationality | French_people</otriple>
        <otriple>Asterix_(character) | alterEgo | "Astérix"@en</otriple>
        <otriple>Asterix_(character) | creator | Albert_Uderzo</otriple>
      </originaltripleset>
      <modifiedtripleset>
        <mtriple>René_Goscinny | nationality | French_people</mtriple>
        <mtriple>Asterix_(comicsCharacter) | creator | René_Goscinny</mtriple>
        <mtriple>Asterix_(comicsCharacter) | alternativeName | "Astérix"</mtriple>
        <mtriple>Asterix_(comicsCharacter) | creator | Albert_Uderzo</mtriple>
      </modifiedtripleset>
      <lex comment="good" lid="Id1">The comic character Asterix is sometimes called "Astérix" and was created by Albert Uderzo and the French national, Rene Goscinny.</lex>
      <lex comment="good" lid="Id2">Albert Uderzo and French born René Goscinny, are the creators of the comic character Asterix, also know as Astérix.</lex>
    </entry>
    <entry category="ComicsCharacter" eid="Id34" shape="(X (X) (X) (X (X)))" shape_type="mixed" size="4">
      <originaltripleset>
        <otriple>Roger_McKenzie_(comics) | nationality | United_States</otriple>
        <otriple>Ben_Urich | creators | Roger_McKenzie_(comics)</otriple>
        <otriple>Ben_Urich | creator | Gene_Colan</otriple>
        <otriple>Ben_Urich | fullName | "Benjamin Urich"@en</otriple>
      </originaltripleset>
      <originaltripleset>
        <otriple>Ben_Urich | creator | Roger_McKenzie_(comics)</otriple>
        <otriple>Roger_McKenzie_(comics) | nationality | United_States</otriple>
        <otriple>Ben_Urich | creators | Gene_Colan</otriple>
        <otriple>Ben_Urich | fullName | "Benjamin Urich"@en</otriple>
      </originaltripleset>
      <modifiedtripleset>
        <mtriple>Roger_McKenzie_(comic_book_writer) | nationality | United_States</mtriple>
        <mtriple>Ben_Urich | creator | Roger_McKenzie_(comic_book_writer)</mtriple>
        <mtriple>Ben_Urich | creator | Gene_Colan</mtriple>
        <mtriple>Ben_Urich | fullName | "Benjamin Urich"</mtriple>
      </modifiedtripleset>
      <lex comment="good" lid="Id1">The American comic book writer Roger McKenzie and Gene Colan created the character Ben Urich, who has the full name Benjamin Urich.</lex>
      <lex comment="good" lid="Id2">The comic book writer, Roger McKenzie is an American and along with Gene Colan created Ben (Benjamin) Urich.</lex>
      <lex comment="good" lid="Id3">The character of Ben Urich, whose full name is Benjamin Urich, was created by Gene Colan and the comic book writer Roger Mckenzie who is American.</lex>
    </entry>
    <entry category="ComicsCharacter" eid="Id35" shape="(X (X) (X (X) (X)))" shape_type="mixed" size="4">
      <originaltripleset>
        <otriple>Black_Pirate | creator | Sheldon_Moldoff</otriple>
        <otriple>Sheldon_Moldoff | nationality | Americans</otriple>
        <otriple>Sheldon_Moldoff | awards | Inkpot_Award</otriple>
        <otriple>Black_Pirate | alterEgo | "Jon Valor"@en</otriple>
      </originaltripleset>
      <originaltripleset>
        <otriple>Sheldon_Moldoff | nationality | Americans</otriple>
        <otriple>Black_Pirate | creators | Sheldon_Moldoff</otriple>
        <otriple>Sheldon_Moldoff | awards | Inkpot_Award</otriple>
        <otriple>Black_Pirate | alterEgo | "Jon Valor"@en</otriple>
      </originaltripleset>
      <modifiedtripleset>
        <mtriple>Sheldon_Moldoff | nationality | Americans</mtriple>
        <mtriple>Black_Pirate | creator | Sheldon_Moldoff</mtriple>
        <mtriple>Sheldon_Moldoff | award | Inkpot_Award</mtriple>
        <mtriple>Black_Pirate | alternativeName | "Jon Valor"</mtriple>
      </modifiedtripleset>
      <lex comment="good" lid="Id1">The Black Pirate, also know as Jon Valor, was created by the Inkpot Award winning American, Sheldon Moldoff.</lex>
      <lex comment="good" lid="Id2">American Sheldon Moldoff, who has won the Inkpot Award, created The Black Pirate, whose alternative name is Jon Valor.</lex>
      <lex comment="good" lid="Id3">The black pirate, also known as Jon Valor, was created by Sheldon Moldoff, an American who has won the Inkpot award.</lex>
    </entry>
  </entries>
</benchmark>
